<?xml version="1.0" encoding="UTF-8"?>
<project-private xmlns="http://www.netbeans.org/ns/project-private/1">
    <editor-bookmarks xmlns="http://www.netbeans.org/ns/editor-bookmarks/2" lastBookmarkId="0"/>
    <open-files xmlns="http://www.netbeans.org/ns/projectui-open-files/2">
        <group>
            <file>file:/C:/Users/Homemillenium/Desktop/Documents/NetBeansProjects/Project_Bootstrap/public_html/SignUp.html</file>
            <file>file:/C:/Users/Homemillenium/Desktop/Documents/NetBeansProjects/Project_Bootstrap/public_html/index.html</file>
            <file>file:/C:/Users/Homemillenium/Desktop/Documents/NetBeansProjects/Project_Bootstrap/public_html/Settings.html</file>
            <file>file:/C:/Users/Homemillenium/Desktop/Documents/NetBeansProjects/Project_Bootstrap/public_html/Success.html</file>
            <file>file:/C:/Users/Homemillenium/Desktop/Documents/NetBeansProjects/Project_Bootstrap/public_html/Cart.html</file>
            <file>file:/C:/Users/Homemillenium/Desktop/Documents/NetBeansProjects/Project_Bootstrap/public_html/Login.html</file>
            <file>file:/C:/Users/Homemillenium/Desktop/Documents/NetBeansProjects/Project_Bootstrap/public_html/style.css</file>
            <file>file:/C:/Users/Homemillenium/Desktop/Documents/NetBeansProjects/Project_Bootstrap/public_html/Product.html</file>
        </group>
    </open-files>
</project-private>
